{
  "version": 1,
  "jsonl_path": "/data/zn/RULER/data/qa_1k/validation.jsonl",
  "max_samples": 30,
  "next_index": 30,
  "max_new_tokens": 128,
  "max_seq_len": 35200,
  "prefill_ms": [
    462.98712158203125,
    230.16656494140625,
    233.62168884277344,
    239.02281188964844,
    230.33282470703125,
    214.15391540527344,
    228.42620849609375,
    163.22242736816406,
    222.68307495117188,
    143.0141143798828,
    230.1774139404297,
    147.27725219726562,
    218.5052490234375,
    228.90457153320312,
    221.7076416015625,
    238.86492919921875,
    225.8026580810547,
    218.27513122558594,
    255.8255615234375,
    257.8686218261719,
    252.10614013671872,
    174.63821411132812,
    256.75140380859375,
    225.8936309814453,
    260.1269836425781,
    173.42332458496094,
    199.47418212890625,
    233.35711669921875,
    246.33792114257812,
    251.12467956542966
  ],
  "total_generate_ms": [
    14100.0244140625,
    13763.240234375,
    13762.431640625,
    13817.72265625,
    13736.8408203125,
    13535.9365234375,
    13692.681640625,
    12881.1494140625,
    13648.0703125,
    12691.8017578125,
    13722.8203125,
    12766.349609375,
    13586.505859375,
    13709.0458984375,
    13657.91796875,
    13817.59375,
    13662.7060546875,
    13578.8427734375,
    13747.2470703125,
    13843.3056640625,
    13732.0986328125,
    12846.599609375,
    13779.9853515625,
    13470.3212890625,
    13794.796875,
    12833.314453125,
    13068.5322265625,
    13706.0263671875,
    13821.9208984375,
    13765.6220703125
  ]
}