{
  "model": "LazyQwen3ForCausalLM",
  "dataset": "qasper",
  "max_samples": 30,
  "max_seq_len": 5200,
  "max_gen_dataset_config": 128,
  "tokenizer_truncation_max_len": 5072,
  "lazy_compat_max_new_tokens": "min(200, MAX_SEQ_LEN - input_len)",
  "batch_size": 1,
  "dtype": "bfloat16",
  "prefill_ms": [
    314.64314460754395,
    273.4410762786865,
    339.8919105529785,
    247.89786338806152,
    393.2528495788574,
    460.1409435272217,
    382.1573257446289,
    381.36839866638184,
    321.4612007141113,
    382.9479217529297,
    404.76083755493164,
    297.7128028869629,
    318.2981014251709,
    416.5678024291992,
    418.40219497680664,
    381.93345069885254,
    382.4470043182373,
    382.42244720458984,
    383.10885429382324,
    383.4965229034424,
    323.8873481750488,
    382.89523124694824,
    383.4388256072998,
    381.95347785949707,
    382.5099468231201,
    409.76500511169434,
    304.19015884399414,
    383.30602645874023,
    276.17573738098145,
    382.3268413543701
  ],
  "total_generate_ms": [
    24682.868003845215,
    24054.77261543274,
    25008.34012031555,
    23692.78907775879,
    25434.340476989746,
    17187.020540237427,
    16850.01277923584,
    16913.88249397278,
    24558.300256729126,
    16839.243412017822,
    25577.606916427612,
    24257.035970687866,
    24421.82469367981,
    17214.720010757446,
    25881.788969039917,
    16832.207679748535,
    16883.87441635132,
    16854.246377944946,
    16832.439184188843,
    16805.397033691406,
    24694.33569908142,
    16898.689031600952,
    16808.422803878784,
    16892.863988876343,
    17095.71623802185,
    25185.27889251709,
    24452.09312438965,
    17051.138162612915,
    23866.512537002563,
    16834.169387817383
  ],
  "avg_prefill_ms": 362.5600417455037,
  "avg_total_generate_ms": 20552.064363161724
}