{
  "version": 1,
  "jsonl_path": "/data/zn/ruler/4096/qa_1/validation.jsonl",
  "max_samples": 30,
  "next_index": 30,
  "max_new_tokens": 32,
  "max_seq_len": 35200,
  "prefill_ms": [
    495.16473388671875,
    213.0621795654297,
    213.2283477783203,
    218.98130798339844,
    211.9554901123047,
    199.20863342285156,
    213.1944580078125,
    148.59280395507812,
    206.04771423339844,
    130.13311767578125,
    212.98268127441406,
    132.81344604492188,
    204.2137908935547,
    211.4832305908203,
    205.2181396484375,
    218.9383087158203,
    212.00015258789062,
    204.07557678222656,
    214.0262451171875,
    217.8120574951172,
    212.1913299560547,
    137.78262329101562,
    215.22869873046875,
    188.8673553466797,
    217.09878540039062,
    230.2395782470703,
    215.8435516357422,
    147.257568359375,
    211.1018524169922,
    187.78469848632812
  ],
  "total_generate_ms": [
    13905.4521484375,
    13527.32421875,
    13544.1796875,
    13631.8818359375,
    13525.044921875,
    13364.8583984375,
    13507.09765625,
    12747.0419921875,
    13482.2138671875,
    12548.337890625,
    13538.4248046875,
    12580.935546875,
    13410.3359375,
    13521.0712890625,
    13468.998046875,
    13633.296875,
    13501.966796875,
    13409.7509765625,
    13563.2255859375,
    13606.7783203125,
    13516.7216796875,
    12614.23828125,
    13580.171875,
    13274.4599609375,
    13630.35546875,
    13683.107421875,
    13596.4638671875,
    12720.193359375,
    13499.9345703125,
    13251.662109375
  ]
}