{
  "version": 1,
  "jsonl_path": "/data/zn/RULER/data/niah_single_1/validation.jsonl",
  "max_samples": 30,
  "next_index": 30,
  "max_new_tokens": 128,
  "max_seq_len": 35200,
  "prefill_ms": [
    400.94073486328125,
    137.34559631347656,
    139.2057342529297,
    139.78640747070312,
    136.76527404785156,
    137.791015625,
    138.2829132080078,
    138.4904327392578,
    138.13308715820312,
    137.78565979003906,
    137.3924102783203,
    137.7034912109375,
    137.81520080566406,
    137.31741333007812,
    137.0201873779297,
    136.7262420654297,
    137.7157440185547,
    136.7308807373047,
    137.33815002441406,
    137.1802215576172,
    137.5490264892578,
    136.75648498535156,
    138.48367309570312,
    137.15609741210938,
    137.46975708007812,
    138.08090209960938,
    137.3967742919922,
    138.76173400878906,
    138.05474853515625,
    138.2453155517578
  ],
  "total_generate_ms": [
    13738.626953125,
    13492.806640625,
    13478.6923828125,
    13462.5751953125,
    13454.6533203125,
    13421.5869140625,
    13461.3173828125,
    13465.0302734375,
    13442.35546875,
    13453.919921875,
    13458.5703125,
    13438.7783203125,
    13472.68359375,
    13461.779296875,
    13474.814453125,
    13461.8369140625,
    13464.625,
    13454.3046875,
    13443.12890625,
    13429.0537109375,
    13475.677734375,
    13469.23828125,
    13444.3076171875,
    13452.408203125,
    13483.0615234375,
    13463.875,
    13471.55078125,
    13438.6435546875,
    13453.1083984375,
    13451.5234375
  ]
}