{
  "version": 1,
  "jsonl_path": "/data/zn/RULER/data/qa_2k/validation.jsonl",
  "max_samples": 30,
  "next_index": 30,
  "max_new_tokens": 128,
  "max_seq_len": 35200,
  "prefill_ms": [
    160.79962158203125,
    157.8146514892578,
    170.19247436523438,
    150.28611755371094,
    168.52117919921875,
    159.3772735595703,
    170.34608459472656,
    173.8934783935547,
    156.11036682128906,
    163.80458068847656,
    170.6441650390625,
    142.02047729492188,
    166.96710205078125,
    162.36880493164062,
    188.71151733398438,
    174.95443725585938,
    176.9365692138672,
    160.8534393310547,
    166.2524871826172,
    151.86151123046875,
    149.5611572265625,
    160.30838012695312,
    177.616455078125,
    177.9805145263672,
    164.8612823486328,
    146.37347412109375,
    178.9949188232422,
    146.42271423339844,
    157.83135986328125,
    170.10166931152344
  ],
  "total_generate_ms": [
    13070.12109375,
    13023.8759765625,
    13212.900390625,
    12926.8720703125,
    13167.2861328125,
    13057.8828125,
    13204.5751953125,
    13252.109375,
    12964.373046875,
    13171.3408203125,
    13202.6357421875,
    12825.2802734375,
    13162.953125,
    13085.6416015625,
    13527.8017578125,
    13319.986328125,
    13303.916015625,
    13066.064453125,
    13148.7783203125,
    12917.8837890625,
    12889.0830078125,
    13030.0947265625,
    13343.3125,
    13380.2705078125,
    13153.5078125,
    12843.1064453125,
    13323.203125,
    12869.5439453125,
    12997.87890625,
    13180.8603515625
  ]
}